time,speed,direction
2025-01-01 00:00:00,5.866579,278.77197
2025-01-01 06:00:00,7.863208,310.27277
2025-01-01 12:00:00,5.480047,278.74005
2025-01-01 18:00:00,4.0223227,264.09036
2025-01-02 00:00:00,5.0843506,292.56644
2025-01-02 06:00:00,4.713587,298.30075
2025-01-02 12:00:00,2.0693085,327.928
2025-01-02 18:00:00,4.639187,326.35602
2025-01-03 00:00:00,3.7226691,286.77896
2025-01-03 06:00:00,3.3931327,291.19217
2025-01-03 12:00:00,2.845466,311.58182
2025-01-03 18:00:00,3.7539024,301.89886
2025-01-04 00:00:00,5.1202497,259.36435
2025-01-04 06:00:00,5.9493995,281.8611
2025-01-04 12:00:00,7.253037,248.50426
2025-01-04 18:00:00,7.1979156,241.89325
2025-01-05 00:00:00,7.71347,249.595
2025-01-05 06:00:00,6.9995623,281.80444
2025-01-05 12:00:00,4.6793685,255.48656
2025-01-05 18:00:00,5.9695168,280.0419
2025-01-06 00:00:00,7.275652,254.34317
2025-01-06 06:00:00,7.4184995,281.57812
2025-01-06 12:00:00,7.0782037,262.58124
2025-01-06 18:00:00,6.6033754,257.89667
2025-01-07 00:00:00,7.3362947,272.52124
2025-01-07 06:00:00,6.890566,295.2065
2025-01-07 12:00:00,7.1818714,304.87823
2025-01-07 18:00:00,7.3282266,269.77582
2025-01-08 00:00:00,7.5202436,307.5337
2025-01-08 06:00:00,7.037907,307.0987
2025-01-08 12:00:00,4.1485,303.6013
2025-01-08 18:00:00,5.216994,299.22983
2025-01-09 00:00:00,6.7514906,284.5264
2025-01-09 06:00:00,5.2688284,291.28952
2025-01-09 12:00:00,5.5840945,308.4984
2025-01-09 18:00:00,5.1825266,300.2717
2025-01-10 00:00:00,5.8915987,289.32632
2025-01-10 06:00:00,5.238592,305.36014
2025-01-10 12:00:00,3.4770417,323.05176
2025-01-10 18:00:00,4.456111,284.04776
2025-01-11 00:00:00,5.201455,277.98444
2025-01-11 06:00:00,6.7435045,298.88654
2025-01-11 12:00:00,3.9386022,272.88977
2025-01-11 18:00:00,6.028025,247.50568
2025-01-12 00:00:00,5.743438,258.07147
2025-01-12 06:00:00,5.416001,262.8996
2025-01-12 12:00:00,6.4822135,243.5434
2025-01-12 18:00:00,6.5925407,248.70473
2025-01-13 00:00:00,7.2882395,258.32605
2025-01-13 06:00:00,5.752094,294.71622
2025-01-13 12:00:00,4.057781,290.78598
2025-01-13 18:00:00,6.1149406,270.68643
2025-01-14 00:00:00,6.9418902,281.55896
2025-01-14 06:00:00,7.2525992,296.61002
2025-01-14 12:00:00,5.249065,249.55392
2025-01-14 18:00:00,6.527633,249.88216
2025-01-15 00:00:00,5.6895847,262.23886
2025-01-15 06:00:00,6.0872965,284.51605
2025-01-15 12:00:00,5.1650844,299.323
2025-01-15 18:00:00,6.5350604,272.43808
2025-01-16 00:00:00,6.732421,296.33664
2025-01-16 06:00:00,6.5527325,288.29242
2025-01-16 12:00:00,4.434824,273.5146
2025-01-16 18:00:00,5.9567714,276.48898
2025-01-17 00:00:00,6.8046722,279.4751
2025-01-17 06:00:00,9.030849,299.74704
2025-01-17 12:00:00,5.6582036,286.4519
2025-01-17 18:00:00,6.869727,285.05533
2025-01-18 00:00:00,7.7383227,266.438
2025-01-18 06:00:00,5.56501,274.96146
2025-01-18 12:00:00,7.5380216,297.73663
2025-01-18 18:00:00,6.7366176,283.71872
2025-01-19 00:00:00,7.852045,286.28204
2025-01-19 06:00:00,9.208671,297.29938
2025-01-19 12:00:00,6.496937,307.88528
2025-01-19 18:00:00,10.256151,304.81854
2025-01-20 00:00:00,8.727175,294.41312
2025-01-20 06:00:00,8.375857,291.69904
2025-01-20 12:00:00,7.2650275,319.41443
2025-01-20 18:00:00,6.266795,310.33093
2025-01-21 00:00:00,7.6663,309.46136
2025-01-21 06:00:00,6.7205534,303.3723
2025-01-21 12:00:00,5.8413296,277.6435
2025-01-21 18:00:00,3.7290318,253.07365
2025-01-22 00:00:00,6.3048363,275.8417
2025-01-22 06:00:00,5.148243,298.27704
2025-01-22 12:00:00,2.784186,286.66882
2025-01-22 18:00:00,4.9796553,305.3312
2025-01-23 00:00:00,6.454022,310.3005
2025-01-23 06:00:00,5.8204827,309.38605
2025-01-23 12:00:00,3.2254887,293.58167
2025-01-23 18:00:00,4.035318,287.7516
2025-01-24 00:00:00,4.501277,282.44614
2025-01-24 06:00:00,4.7735353,306.9622
2025-01-24 12:00:00,3.5093765,254.76619
2025-01-24 18:00:00,4.8191724,257.14224
2025-01-25 00:00:00,3.807151,252.72084
2025-01-25 06:00:00,4.508866,295.49356
2025-01-25 12:00:00,5.2290807,305.10034
2025-01-25 18:00:00,5.4894357,247.16612
2025-01-26 00:00:00,4.85232,244.97342
2025-01-26 06:00:00,5.67577,269.44824
2025-01-26 12:00:00,7.681738,256.3755
2025-01-26 18:00:00,8.180025,254.32344
2025-01-27 00:00:00,8.588513,275.5429
2025-01-27 06:00:00,6.2662582,295.44962
2025-01-27 12:00:00,5.8367805,272.77405
2025-01-27 18:00:00,8.662255,261.03015
2025-01-28 00:00:00,6.349574,280.57425
2025-01-28 06:00:00,7.6167955,318.04858
2025-01-28 12:00:00,7.9031305,320.81885
2025-01-28 18:00:00,9.498568,305.53522
2025-01-29 00:00:00,11.153117,304.00574
2025-01-29 06:00:00,10.451385,307.08316
2025-01-29 12:00:00,8.312909,318.65048
2025-01-29 18:00:00,10.358112,317.7685
2025-01-30 00:00:00,10.003328,309.086
2025-01-30 06:00:00,8.948068,318.34027
2025-01-30 12:00:00,7.562387,336.0071
2025-01-30 18:00:00,8.273662,318.56354
2025-01-31 00:00:00,8.350965,311.88406
2025-01-31 06:00:00,7.617883,316.5487
2025-01-31 12:00:00,5.8923993,351.1531
2025-01-31 18:00:00,7.591941,333.24063
2025-02-01 00:00:00,8.176715,328.8503
2025-02-01 06:00:00,8.302392,327.0851
2025-02-01 12:00:00,5.509666,346.97958
2025-02-01 18:00:00,8.136854,330.91766
2025-02-02 00:00:00,7.6084175,331.7259
2025-02-02 06:00:00,7.666883,327.02454
2025-02-02 12:00:00,5.2132163,339.50278
2025-02-02 18:00:00,6.2720866,333.46207
2025-02-03 00:00:00,7.3411207,326.58124
2025-02-03 06:00:00,6.272719,319.9228
2025-02-03 12:00:00,5.323637,304.30008
2025-02-03 18:00:00,5.997992,307.68512
2025-02-04 00:00:00,6.4941783,318.75308
2025-02-04 06:00:00,6.769998,308.34384
2025-02-04 12:00:00,7.2200437,265.23148
2025-02-04 18:00:00,6.738188,305.5539
2025-02-05 00:00:00,6.9665856,302.40146
2025-02-05 06:00:00,8.90887,313.27542
2025-02-05 12:00:00,7.426676,296.75494
2025-02-05 18:00:00,10.202559,319.00885
2025-02-06 00:00:00,10.700403,317.928
2025-02-06 06:00:00,9.278993,317.3212
2025-02-06 12:00:00,6.5040016,348.23715
2025-02-06 18:00:00,7.4728537,320.64456
2025-02-07 00:00:00,7.2945304,320.27658
2025-02-07 06:00:00,6.1754427,319.3855
2025-02-07 12:00:00,4.3616,3.3168335
2025-02-07 18:00:00,3.8289728,303.67358
2025-02-08 00:00:00,3.6118128,282.20462
2025-02-08 06:00:00,6.1101837,320.4238
2025-02-08 12:00:00,3.9564703,356.19604
2025-02-08 18:00:00,5.143582,316.21375
2025-02-09 00:00:00,6.191775,302.9453
2025-02-09 06:00:00,6.3407645,314.66443
2025-02-09 12:00:00,4.893459,334.78784
2025-02-09 18:00:00,7.55903,314.53302
2025-02-10 00:00:00,7.513839,310.1128
2025-02-10 06:00:00,6.947244,315.31555
2025-02-10 12:00:00,5.00918,350.15265
2025-02-10 18:00:00,5.5796633,322.06622
2025-02-11 00:00:00,6.210227,312.3953
2025-02-11 06:00:00,6.543193,320.65802
2025-02-11 12:00:00,4.2133174,344.30286
2025-02-11 18:00:00,4.029777,329.45883
2025-02-12 00:00:00,3.0751574,282.66492
2025-02-12 06:00:00,5.3480287,304.98526
2025-02-12 12:00:00,4.202386,337.09924
2025-02-12 18:00:00,5.015883,306.64612
2025-02-13 00:00:00,4.8042755,229.78268
2025-02-13 06:00:00,4.8466473,262.92154
2025-02-13 12:00:00,5.938934,246.59447
2025-02-13 18:00:00,4.3446145,225.76768
2025-02-14 00:00:00,5.2806616,246.47878
2025-02-14 06:00:00,7.2745624,262.95468
2025-02-14 12:00:00,6.738746,256.40518
2025-02-14 18:00:00,5.589874,282.02975
2025-02-15 00:00:00,4.845475,279.04654
2025-02-15 06:00:00,5.6935816,317.14264
2025-02-15 12:00:00,2.0533721,328.79492
2025-02-15 18:00:00,3.4148202,283.83078
2025-02-16 00:00:00,2.1803312,285.9079
2025-02-16 06:00:00,4.1200523,305.467
2025-02-16 12:00:00,5.604406,301.63336
2025-02-16 18:00:00,4.7114406,257.8557
2025-02-17 00:00:00,4.069569,272.79068
2025-02-17 06:00:00,3.0486982,274.63174
2025-02-17 12:00:00,4.2511044,239.20941
2025-02-17 18:00:00,5.082555,275.75922
2025-02-18 00:00:00,2.8584144,274.3918
2025-02-18 06:00:00,3.5416193,310.62146
2025-02-18 12:00:00,2.392425,276.01065
2025-02-18 18:00:00,4.097181,301.1626
2025-02-19 00:00:00,3.499182,291.31833
2025-02-19 06:00:00,7.5460544,321.2053
2025-02-19 12:00:00,5.8623333,297.45932
2025-02-19 18:00:00,4.8135843,287.21844
2025-02-20 00:00:00,5.7895565,300.10376
2025-02-20 06:00:00,5.004275,299.27176
2025-02-20 12:00:00,2.7753627,298.00735
2025-02-20 18:00:00,5.1952243,296.4974
2025-02-21 00:00:00,5.52796,278.1114
2025-02-21 06:00:00,5.553411,284.20517
2025-02-21 12:00:00,3.4628146,311.25797
2025-02-21 18:00:00,5.3741302,263.23517
2025-02-22 00:00:00,6.276539,279.29352
2025-02-22 06:00:00,6.931838,287.6941
2025-02-22 12:00:00,4.9484406,296.66467
2025-02-22 18:00:00,5.4910846,323.44196
2025-02-23 00:00:00,3.6803293,297.30786
2025-02-23 06:00:00,3.7865596,318.93787
2025-02-23 12:00:00,3.8564417,328.46545
2025-02-23 18:00:00,4.146395,303.29028
2025-02-24 00:00:00,3.5004444,300.8584
2025-02-24 06:00:00,4.103587,314.80356
2025-02-24 12:00:00,1.1425438,65.25781
2025-02-24 18:00:00,0.82167494,328.0386
2025-02-25 00:00:00,1.6416949,235.8847
2025-02-25 06:00:00,4.487788,324.6338
2025-02-25 12:00:00,2.6518812,314.0843
2025-02-25 18:00:00,2.4338617,320.70917
2025-02-26 00:00:00,3.0136123,279.4321
2025-02-26 06:00:00,3.0828328,273.15656
2025-02-26 12:00:00,0.71121633,331.0704
2025-02-26 18:00:00,0.71573144,52.215637
2025-02-27 00:00:00,1.4190016,27.37323
2025-02-27 06:00:00,3.6747146,330.88428
2025-02-27 12:00:00,2.1071517,0.93273926
2025-02-27 18:00:00,3.422015,298.67252
2025-02-28 00:00:00,5.02989,290.6008
2025-02-28 06:00:00,4.266861,305.35776
2025-02-28 12:00:00,2.492194,11.01767
2025-02-28 18:00:00,3.0564947,275.8395
2025-03-01 00:00:00,1.679345,308.1659
2025-03-01 06:00:00,2.5957751,309.99213
2025-03-01 12:00:00,2.6485739,333.74966
2025-03-01 18:00:00,1.6168154,289.71582
2025-03-02 00:00:00,0.2494671,134.84389
2025-03-02 06:00:00,2.6477723,347.10315
2025-03-02 12:00:00,2.983226,345.87186
2025-03-02 18:00:00,2.1646821,301.63458
2025-03-03 00:00:00,2.3892193,282.98166
2025-03-03 06:00:00,4.4955215,301.47452
2025-03-03 12:00:00,2.6660476,30.109833
2025-03-03 18:00:00,3.5091064,258.249
2025-03-04 00:00:00,2.8717875,183.70082
2025-03-04 06:00:00,0.87545884,302.95218
2025-03-04 12:00:00,1.8819441,342.11212
2025-03-04 18:00:00,2.7528808,342.55634
2025-03-05 00:00:00,1.1276252,85.815
2025-03-05 06:00:00,2.1529355,80.66193
2025-03-05 12:00:00,1.680042,75.68787
2025-03-05 18:00:00,1.5544275,79.69586
2025-03-06 00:00:00,1.0137,186.9407
2025-03-06 06:00:00,4.61984,262.3016
2025-03-06 12:00:00,8.325927,230.76564
2025-03-06 18:00:00,10.816327,234.36868
2025-03-07 00:00:00,10.448556,233.59714
2025-03-07 06:00:00,7.6725335,232.21777
2025-03-07 12:00:00,5.605877,254.56955
2025-03-07 18:00:00,4.569803,233.51724
2025-03-08 00:00:00,5.6017084,236.78618
2025-03-08 06:00:00,4.736833,266.3751
2025-03-08 12:00:00,2.0919917,265.4622
2025-03-08 18:00:00,2.6191645,1.1663513
2025-03-09 00:00:00,3.2827542,320.93146
2025-03-09 06:00:00,3.5493317,310.6565
2025-03-09 12:00:00,4.9533944,326.06796
2025-03-09 18:00:00,4.5750866,304.38617
2025-03-10 00:00:00,4.7889814,315.3413
2025-03-10 06:00:00,3.4288666,318.45578
2025-03-10 12:00:00,1.5873212,50.249084
2025-03-10 18:00:00,1.641287,69.70996
2025-03-11 00:00:00,2.6524763,0.9255676
2025-03-11 06:00:00,2.8201916,331.1514
2025-03-11 12:00:00,2.852053,353.32196
2025-03-11 18:00:00,5.2884507,289.1293
2025-03-12 00:00:00,5.274602,288.04376
2025-03-12 06:00:00,4.6944437,269.962
2025-03-12 12:00:00,3.0741675,320.61005
2025-03-12 18:00:00,6.2209706,298.30518
2025-03-13 00:00:00,5.2867327,293.60965
2025-03-13 06:00:00,3.561025,280.5369
2025-03-13 12:00:00,2.7727177,300.4864
2025-03-13 18:00:00,3.4258323,240.29738
2025-03-14 00:00:00,5.0474253,228.83029
2025-03-14 06:00:00,5.2997727,272.61572
2025-03-14 12:00:00,5.355153,247.99298
2025-03-14 18:00:00,6.0646358,257.64014
2025-03-15 00:00:00,6.220704,275.39816
2025-03-15 06:00:00,6.833222,292.59863
2025-03-15 12:00:00,3.3672707,261.09082
2025-03-15 18:00:00,4.4957557,245.31943
2025-03-16 00:00:00,6.2245507,252.76454
2025-03-16 06:00:00,6.2688246,262.70148
2025-03-16 12:00:00,3.6933074,278.3594
2025-03-16 18:00:00,4.6144023,312.65363
2025-03-17 00:00:00,5.0705543,308.53702
2025-03-17 06:00:00,7.378996,325.4684
2025-03-17 12:00:00,8.288126,330.01062
2025-03-17 18:00:00,8.432836,306.77917
2025-03-18 00:00:00,7.3188553,296.41525
2025-03-18 06:00:00,5.5391493,294.97577
2025-03-18 12:00:00,5.3051496,293.28284
2025-03-18 18:00:00,5.592672,285.3632
2025-03-19 00:00:00,5.907501,244.43802
2025-03-19 06:00:00,2.802947,235.73862
2025-03-19 12:00:00,5.4574637,323.30875
2025-03-19 18:00:00,8.802165,289.48837
2025-03-20 00:00:00,8.496429,292.45193
2025-03-20 06:00:00,7.3105483,301.99667
2025-03-20 12:00:00,6.968207,306.2353
2025-03-20 18:00:00,8.981414,299.40805
2025-03-21 00:00:00,9.234301,303.8283
2025-03-21 06:00:00,8.887116,306.52002
2025-03-21 12:00:00,5.804294,330.57233
2025-03-21 18:00:00,7.440633,299.76425
2025-03-22 00:00:00,7.4262314,285.68002
2025-03-22 06:00:00,6.025609,287.06207
2025-03-22 12:00:00,4.0228868,261.8681
2025-03-22 18:00:00,4.188714,280.1765
2025-03-23 00:00:00,6.817197,298.21698
2025-03-23 06:00:00,7.326849,303.4355
2025-03-23 12:00:00,5.849147,295.2901
2025-03-23 18:00:00,5.192296,300.21854
2025-03-24 00:00:00,7.17229,307.1999
2025-03-24 06:00:00,7.4140506,304.9789
2025-03-24 12:00:00,3.55615,288.17996
2025-03-24 18:00:00,4.915385,326.31787
2025-03-25 00:00:00,7.047245,317.37085
2025-03-25 06:00:00,7.514651,314.04312
2025-03-25 12:00:00,4.3211036,329.76538
2025-03-25 18:00:00,4.9706736,310.94467
2025-03-26 00:00:00,5.285109,320.15985
2025-03-26 06:00:00,5.5036745,315.16028
2025-03-26 12:00:00,3.2558775,344.6659
2025-03-26 18:00:00,3.7671018,12.356262
2025-03-27 00:00:00,4.220907,338.4862
2025-03-27 06:00:00,4.3269553,332.8177
2025-03-27 12:00:00,0.71505237,22.482544
2025-03-27 18:00:00,1.9245949,318.50208
2025-03-28 00:00:00,2.9889617,290.1562
2025-03-28 06:00:00,4.4041886,314.09796
2025-03-28 12:00:00,3.326004,247.01938
2025-03-28 18:00:00,1.2559366,216.9409
2025-03-29 00:00:00,7.8556447,220.82825
2025-03-29 06:00:00,7.3046904,247.19553
2025-03-29 12:00:00,6.861592,242.03096
2025-03-29 18:00:00,7.172159,243.20642
2025-03-30 00:00:00,6.1068892,248.99577
2025-03-30 06:00:00,6.192023,266.1782
2025-03-30 12:00:00,6.850171,273.07843
2025-03-30 18:00:00,6.423895,245.97581
2025-03-31 00:00:00,4.628774,224.06107
2025-03-31 06:00:00,6.288451,273.36124
2025-03-31 12:00:00,6.2235355,288.71423
2025-03-31 18:00:00,5.31989,278.42493
2025-04-01 00:00:00,4.812535,285.8367
2025-04-01 06:00:00,4.017984,327.1337
2025-04-01 12:00:00,3.8318272,219.05034
2025-04-01 18:00:00,3.2336867,223.31093
2025-04-02 00:00:00,3.882244,229.44608
2025-04-02 06:00:00,2.6398,296.82794
2025-04-02 12:00:00,3.5957968,262.56155
2025-04-02 18:00:00,3.4452262,242.97034
2025-04-03 00:00:00,3.2936866,243.58037
2025-04-03 06:00:00,2.2992013,278.23444
2025-04-03 12:00:00,1.1810985,277.6252
2025-04-03 18:00:00,1.6004174,247.46141
2025-04-04 00:00:00,4.2375355,223.78146
2025-04-04 06:00:00,3.8537905,271.1516
2025-04-04 12:00:00,2.6466959,254.81154
2025-04-04 18:00:00,2.131094,275.79346
2025-04-05 00:00:00,1.639993,276.19968
2025-04-05 06:00:00,4.1994777,287.76535
2025-04-05 12:00:00,3.4835522,288.34393
2025-04-05 18:00:00,2.6034954,253.09067
2025-04-06 00:00:00,2.1209748,256.51483
2025-04-06 06:00:00,2.033172,305.53522
2025-04-06 12:00:00,3.0195332,204.33438
2025-04-06 18:00:00,2.2201922,148.16452
2025-04-07 00:00:00,1.4236518,163.46912
2025-04-07 06:00:00,1.8719138,130.19188
2025-04-07 12:00:00,0.98089945,62.83423
2025-04-07 18:00:00,1.0658853,52.270447
2025-04-08 00:00:00,1.4905951,100.70041
2025-04-08 06:00:00,2.3159137,48.87726
2025-04-08 12:00:00,1.5989794,28.842865
2025-04-08 18:00:00,2.5148633,115.274414
2025-04-09 00:00:00,3.1396399,110.46033
2025-04-09 06:00:00,4.7245507,62.66455
2025-04-09 12:00:00,3.352312,54.525208
2025-04-09 18:00:00,2.654147,58.175507
2025-04-10 00:00:00,0.8875563,359.42868
2025-04-10 06:00:00,1.5675952,342.68628
2025-04-10 12:00:00,0.4765892,149.87468
2025-04-10 18:00:00,0.4273135,131.39822
2025-04-11 00:00:00,1.9975711,191.02884
2025-04-11 06:00:00,1.558379,353.07092
2025-04-11 12:00:00,1.1802657,57.77368
2025-04-11 18:00:00,0.63775533,190.8701
2025-04-12 00:00:00,1.0842234,303.8379
2025-04-12 06:00:00,1.0991135,325.28845
2025-04-12 12:00:00,1.5444072,108.5497
2025-04-12 18:00:00,1.8897334,262.0523
2025-04-13 00:00:00,0.78931427,172.21718
2025-04-13 06:00:00,1.4068456,259.97742
2025-04-13 12:00:00,6.6141987,230.4415
2025-04-13 18:00:00,7.808551,255.22179
2025-04-14 00:00:00,7.5616827,237.55188
2025-04-14 06:00:00,5.5564156,239.8985
2025-04-14 12:00:00,5.2867203,256.27063
2025-04-14 18:00:00,5.892239,259.4727
2025-04-15 00:00:00,5.9074316,251.10757
2025-04-15 06:00:00,5.6241508,291.46915
2025-04-15 12:00:00,5.575965,263.73926
2025-04-15 18:00:00,3.703259,236.23895
2025-04-16 00:00:00,3.7899928,220.17513
2025-04-16 06:00:00,1.3958066,208.6745
2025-04-16 12:00:00,4.54062,243.56946
2025-04-16 18:00:00,3.4845636,228.36848
2025-04-17 00:00:00,1.5668365,60.777924
2025-04-17 06:00:00,2.9527662,285.97437
2025-04-17 12:00:00,2.3306668,292.40054
2025-04-17 18:00:00,4.3702054,280.01913
2025-04-18 00:00:00,3.4816465,278.06223
2025-04-18 06:00:00,1.8926709,254.96152
2025-04-18 12:00:00,1.2929457,255.38565
2025-04-18 18:00:00,2.9630122,234.00345
2025-04-19 00:00:00,3.2776914,253.7117
2025-04-19 06:00:00,1.9384363,245.0877
2025-04-19 12:00:00,0.21016105,0.23297119
2025-04-19 18:00:00,6.0301185,284.26956
2025-04-20 00:00:00,4.3682613,214.91635
2025-04-20 06:00:00,2.026322,287.62408
2025-04-20 12:00:00,4.036333,271.6685
2025-04-20 18:00:00,1.9636708,309.24048
2025-04-21 00:00:00,0.5611841,272.56204
2025-04-21 06:00:00,1.0933447,282.21216
2025-04-21 12:00:00,3.1949117,247.07935
2025-04-21 18:00:00,3.1614513,253.02867
2025-04-22 00:00:00,3.3541684,210.63034
2025-04-22 06:00:00,1.4889209,223.99974
2025-04-22 12:00:00,4.034158,263.82574
2025-04-22 18:00:00,4.1856437,232.33014
2025-04-23 00:00:00,5.116372,214.9729
2025-04-23 06:00:00,5.0373125,242.3737
2025-04-23 12:00:00,8.874681,228.8042
2025-04-23 18:00:00,8.553577,233.37735
2025-04-24 00:00:00,6.381702,220.02615
2025-04-24 06:00:00,5.1893883,240.95834
2025-04-24 12:00:00,4.294494,227.22792
2025-04-24 18:00:00,4.324645,187.15805
2025-04-25 00:00:00,3.9342382,189.22571
2025-04-25 06:00:00,0.5681218,212.76685
2025-04-25 12:00:00,1.6690131,217.3624
2025-04-25 18:00:00,2.933129,128.855
2025-04-26 00:00:00,2.754357,122.82361
2025-04-26 06:00:00,2.742855,111.241
2025-04-26 12:00:00,1.4127065,13.011627
2025-04-26 18:00:00,3.992551,152.54102
2025-04-27 00:00:00,2.9941912,125.16258
2025-04-27 06:00:00,1.7184166,23.717987
2025-04-27 12:00:00,0.9511737,62.13629
2025-04-27 18:00:00,1.7092236,144.11888
2025-04-28 00:00:00,2.4234,112.31592
2025-04-28 06:00:00,1.7640321,95.73482
2025-04-28 12:00:00,1.747644,38.532043
2025-04-28 18:00:00,0.54038537,350.8494
2025-04-29 00:00:00,1.6004709,68.842316
2025-04-29 06:00:00,1.8435638,63.351807
2025-04-29 12:00:00,3.3600292,61.50049
2025-04-29 18:00:00,2.8352757,67.08029
2025-04-30 00:00:00,4.093054,99.729706
2025-04-30 06:00:00,3.7343035,82.81958
2025-04-30 12:00:00,3.6813893,63.197144
2025-04-30 18:00:00,3.0842526,102.246414
2025-05-01 00:00:00,3.0772278,129.24333
2025-05-01 06:00:00,1.6190317,117.244156
2025-05-01 12:00:00,0.5804461,357.0586
2025-05-01 18:00:00,1.8077017,112.77965
2025-05-02 00:00:00,0.4512031,33.405243
2025-05-02 06:00:00,1.5657259,318.43985
2025-05-02 12:00:00,2.1938188,288.00684
2025-05-02 18:00:00,1.1610225,264.21304
2025-05-03 00:00:00,1.8352604,133.18411
2025-05-03 06:00:00,1.5787117,68.031494
2025-05-03 12:00:00,1.9179534,77.69202
2025-05-03 18:00:00,3.3481274,73.31076
2025-05-04 00:00:00,2.7797773,136.39209
2025-05-04 06:00:00,1.934291,70.25156
2025-05-04 12:00:00,3.6794765,76.42438
2025-05-04 18:00:00,4.1533093,104.55736
2025-05-05 00:00:00,2.9536412,105.63542
2025-05-05 06:00:00,3.7449062,108.16336
2025-05-05 12:00:00,3.1988938,88.942505
2025-05-05 18:00:00,3.2454147,142.96288
2025-05-06 00:00:00,2.8596902,139.8488
2025-05-06 06:00:00,1.4870347,123.20676
2025-05-06 12:00:00,1.9284985,110.58699
2025-05-06 18:00:00,3.0398402,133.58281
2025-05-07 00:00:00,2.2480655,103.891754
2025-05-07 06:00:00,3.1543822,70.50571
2025-05-07 12:00:00,2.6034307,97.956436
2025-05-07 18:00:00,2.606628,119.72272
2025-05-08 00:00:00,2.4513896,102.33934
2025-05-08 06:00:00,2.6920264,85.95889
2025-05-08 12:00:00,2.181552,89.9082
2025-05-08 18:00:00,2.282318,172.84735
2025-05-09 00:00:00,2.7397285,246.43134
2025-05-09 06:00:00,3.8175664,261.99963
2025-05-09 12:00:00,2.8686512,259.9043
2025-05-09 18:00:00,2.0358675,195.20001
2025-05-10 00:00:00,2.3563905,218.61484
2025-05-10 06:00:00,1.3002062,182.83534
2025-05-10 12:00:00,2.3285925,199.36499
2025-05-10 18:00:00,2.002701,146.60004
2025-05-11 00:00:00,2.5428445,156.65126
2025-05-11 06:00:00,1.4740344,197.34406
2025-05-11 12:00:00,4.046092,235.97972
2025-05-11 18:00:00,5.246355,234.27582
2025-05-12 00:00:00,6.2610765,221.16487
2025-05-12 06:00:00,4.8770914,237.31264
2025-05-12 12:00:00,3.257409,226.76886
2025-05-12 18:00:00,6.479019,249.33975
2025-05-13 00:00:00,5.5918245,219.52434
2025-05-13 06:00:00,3.0262272,253.66078
2025-05-13 12:00:00,2.2307293,287.20145
2025-05-13 18:00:00,3.4329424,251.05325
2025-05-14 00:00:00,2.4436624,194.99026
2025-05-14 06:00:00,0.9284384,194.20389
2025-05-14 12:00:00,1.0450479,169.53488
2025-05-14 18:00:00,1.9682994,162.38046
2025-05-15 00:00:00,1.0176806,197.68161
2025-05-15 06:00:00,1.4609251,59.839966
2025-05-15 12:00:00,0.67000514,117.94646
2025-05-15 18:00:00,0.7019636,161.8703
2025-05-16 00:00:00,0.59849775,111.093414
2025-05-16 06:00:00,0.94262207,7.8552856
2025-05-16 12:00:00,2.722624,220.78355
2025-05-16 18:00:00,2.907249,164.45844
2025-05-17 00:00:00,0.92953205,215.6409
2025-05-17 06:00:00,1.111419,312.58582
2025-05-17 12:00:00,1.5078666,115.45831
2025-05-17 18:00:00,2.067988,136.11122
2025-05-18 00:00:00,2.499482,128.96065
2025-05-18 06:00:00,2.6544225,96.06665
2025-05-18 12:00:00,1.2652398,130.07568
2025-05-18 18:00:00,2.8572423,121.37198
2025-05-19 00:00:00,2.7169964,133.47333
2025-05-19 06:00:00,1.2394888,170.1265
2025-05-19 12:00:00,2.368409,158.81265
2025-05-19 18:00:00,3.6165924,114.33293
2025-05-20 00:00:00,4.1494675,83.707214
2025-05-20 06:00:00,5.207065,103.946915
2025-05-20 12:00:00,4.5494614,111.29472
2025-05-20 18:00:00,2.6507268,104.28598
2025-05-21 00:00:00,3.8618238,108.16226
2025-05-21 06:00:00,2.3861659,75.84839
2025-05-21 12:00:00,4.495325,78.049866
2025-05-21 18:00:00,4.1406794,84.86853
2025-05-22 00:00:00,2.7424085,105.2825
2025-05-22 06:00:00,3.5859675,92.53491
2025-05-22 12:00:00,2.1149445,80.160095
2025-05-22 18:00:00,0.3705843,34.279602
2025-05-23 00:00:00,1.9194343,251.86292
2025-05-23 06:00:00,2.6245344,339.52283
2025-05-23 12:00:00,3.9688997,216.84885
2025-05-23 18:00:00,5.403221,253.90398
2025-05-24 00:00:00,3.091376,264.15186
2025-05-24 06:00:00,0.83250976,266.19354
2025-05-24 12:00:00,2.924694,284.73044
2025-05-24 18:00:00,2.9178717,251.22641
2025-05-25 00:00:00,0.80534786,315.89813
2025-05-25 06:00:00,2.0749023,311.87543
2025-05-25 12:00:00,0.91242015,20.819366
2025-05-25 18:00:00,1.4628072,303.063
2025-05-26 00:00:00,2.4494352,281.27872
2025-05-26 06:00:00,3.7957067,269.1968
2025-05-26 12:00:00,5.0185657,241.81924
2025-05-26 18:00:00,5.1850824,215.24434
2025-05-27 00:00:00,6.0494986,241.42142
2025-05-27 06:00:00,4.2956,245.33997
2025-05-27 12:00:00,1.6432035,303.63885
2025-05-27 18:00:00,2.934299,249.70334
2025-05-28 00:00:00,3.0271811,221.75124
2025-05-28 06:00:00,1.7936822,176.78725
2025-05-28 12:00:00,1.2805933,78.44144
2025-05-28 18:00:00,2.393713,129.80913
2025-05-29 00:00:00,4.1071353,120.127014
2025-05-29 06:00:00,2.4030523,132.0485
2025-05-29 12:00:00,1.761208,94.6046
2025-05-29 18:00:00,1.9752325,153.92052
2025-05-30 00:00:00,1.2747742,109.35498
2025-05-30 06:00:00,1.0589122,57.77652
2025-05-30 12:00:00,1.236579,39.779053
2025-05-30 18:00:00,2.1767323,78.92581
2025-05-31 00:00:00,1.4170809,132.27286
2025-05-31 06:00:00,2.4388294,244.52147
2025-05-31 12:00:00,1.4871517,279.01523
2025-05-31 18:00:00,2.458384,247.09761
2025-06-01 00:00:00,1.6701256,210.75504
2025-06-01 06:00:00,2.351472,32.53302
2025-06-01 12:00:00,3.837506,34.38861
2025-06-01 18:00:00,2.3646307,113.60304
2025-06-02 00:00:00,3.9138894,109.060394
2025-06-02 06:00:00,2.9849367,125.98732
2025-06-02 12:00:00,0.37027928,94.43385
2025-06-02 18:00:00,2.2325673,186.53107
2025-06-03 00:00:00,1.6605172,111.640976
2025-06-03 06:00:00,1.6649083,92.24072
2025-06-03 12:00:00,1.239256,38.485474
2025-06-03 18:00:00,1.1963469,90.807556
2025-06-04 00:00:00,2.0590582,143.02412
2025-06-04 06:00:00,2.5476465,156.32445
2025-06-04 12:00:00,1.0927054,140.79752
2025-06-04 18:00:00,1.6468706,195.99097
2025-06-05 00:00:00,3.1049607,117.178696
2025-06-05 06:00:00,2.2736933,109.37273
2025-06-05 12:00:00,1.2413538,77.121765
2025-06-05 18:00:00,1.65212,111.56981
2025-06-06 00:00:00,3.3537312,103.86839
2025-06-06 06:00:00,1.0054605,199.89545
2025-06-06 12:00:00,0.19262749,154.42348
2025-06-06 18:00:00,2.201073,186.79932
2025-06-07 00:00:00,1.4357859,134.43983
2025-06-07 06:00:00,1.3109856,226.48178
2025-06-07 12:00:00,2.6288228,261.81595
2025-06-07 18:00:00,1.3297484,159.41457
2025-06-08 00:00:00,2.9459486,107.90312
2025-06-08 06:00:00,2.2145703,129.0316
2025-06-08 12:00:00,0.8957661,24.500488
2025-06-08 18:00:00,1.8772031,344.45642
2025-06-09 00:00:00,1.8347626,75.26776
2025-06-09 06:00:00,2.4564483,104.72856
2025-06-09 12:00:00,2.2173328,93.474625
2025-06-09 18:00:00,2.879225,128.17673
2025-06-10 00:00:00,3.5054097,125.44208
2025-06-10 06:00:00,2.0950155,138.76025
2025-06-10 12:00:00,0.91369957,129.17403
2025-06-10 18:00:00,0.7031171,32.17697
2025-06-11 00:00:00,2.4816623,124.70746
2025-06-11 06:00:00,4.3858776,95.64697
2025-06-11 12:00:00,6.7123966,97.024185
2025-06-11 18:00:00,5.2824283,99.22061
2025-06-12 00:00:00,6.6045036,104.30844
2025-06-12 06:00:00,6.5463476,103.80249
2025-06-12 12:00:00,6.759774,82.12717
2025-06-12 18:00:00,6.966388,92.01114
2025-06-13 00:00:00,6.1958203,109.42203
2025-06-13 06:00:00,5.2878184,116.49919
2025-06-13 12:00:00,4.771313,96.68634
2025-06-13 18:00:00,6.542625,102.57127
2025-06-14 00:00:00,5.543219,111.983475
2025-06-14 06:00:00,8.081402,73.03229
2025-06-14 12:00:00,6.8064246,118.14569
2025-06-14 18:00:00,6.277509,108.41998
2025-06-15 00:00:00,6.53117,92.08641
2025-06-15 06:00:00,5.96637,110.071915
2025-06-15 12:00:00,4.241727,84.29303
2025-06-15 18:00:00,4.8898745,92.5318
2025-06-16 00:00:00,6.179466,105.32573
2025-06-16 06:00:00,5.4221835,92.88127
2025-06-16 12:00:00,4.9560156,78.87402
2025-06-16 18:00:00,3.9993443,85.0462
2025-06-17 00:00:00,3.8966963,107.40231
2025-06-17 06:00:00,2.881553,75.399414
2025-06-17 12:00:00,2.0358589,97.34581
2025-06-17 18:00:00,1.5911012,138.65706
2025-06-18 00:00:00,1.6040176,210.43683
2025-06-18 06:00:00,1.0186316,257.7134
2025-06-18 12:00:00,3.2343512,255.0221
2025-06-18 18:00:00,3.4798412,247.70755
2025-06-19 00:00:00,6.114065,243.76805
2025-06-19 06:00:00,1.1796626,258.98077
2025-06-19 12:00:00,5.4758735,112.351746
2025-06-19 18:00:00,4.637366,114.10899
2025-06-20 00:00:00,5.2676234,116.96796
2025-06-20 06:00:00,4.1819224,94.64325
2025-06-20 12:00:00,3.436829,96.21323
2025-06-20 18:00:00,1.8940985,125.38577
2025-06-21 00:00:00,0.122308224,243.04814
2025-06-21 06:00:00,1.2089841,88.34668
2025-06-21 12:00:00,2.1501918,211.71394
2025-06-21 18:00:00,0.4957443,184.38492
2025-06-22 00:00:00,4.7831993,132.55669
2025-06-22 06:00:00,4.529575,88.26416
2025-06-22 12:00:00,6.1772437,77.2406
2025-06-22 18:00:00,5.31762,88.86368
2025-06-23 00:00:00,5.5456204,94.55678
2025-06-23 06:00:00,4.6642118,95.73648
2025-06-23 12:00:00,5.124976,89.38364
2025-06-23 18:00:00,5.7974057,91.05809
2025-06-24 00:00:00,6.2105064,79.35022
2025-06-24 06:00:00,5.425649,100.80441
2025-06-24 12:00:00,3.4819865,104.02188
2025-06-24 18:00:00,3.6164758,130.24036
2025-06-25 00:00:00,2.765327,128.50146
2025-06-25 06:00:00,2.6153698,119.57576
2025-06-25 12:00:00,3.4925656,104.62955
2025-06-25 18:00:00,3.6977708,103.3905
2025-06-26 00:00:00,4.8869147,118.9026
2025-06-26 06:00:00,5.3054557,103.36623
2025-06-26 12:00:00,4.279266,78.36963
2025-06-26 18:00:00,3.785831,105.35124
2025-06-27 00:00:00,2.5804236,127.123
2025-06-27 06:00:00,2.7571404,96.83972
2025-06-27 12:00:00,0.73228633,86.39209
2025-06-27 18:00:00,1.7827704,152.50482
2025-06-28 00:00:00,2.3279884,127.33597
2025-06-28 06:00:00,4.5310597,67.34534
2025-06-28 12:00:00,1.93929,38.497986
2025-06-28 18:00:00,3.8119507,145.09706
2025-06-29 00:00:00,2.9104204,190.30603
2025-06-29 06:00:00,2.3807101,111.616745
2025-06-29 12:00:00,1.751807,111.48355
2025-06-29 18:00:00,7.925182,104.1933
2025-06-30 00:00:00,10.345708,100.72298
2025-06-30 06:00:00,7.568487,89.822815
2025-06-30 12:00:00,6.297832,83.85083
2025-06-30 18:00:00,5.0883703,90.64966
2025-07-01 00:00:00,5.119075,117.3553
2025-07-01 06:00:00,2.9145422,110.31622
2025-07-01 12:00:00,4.8591285,100.30913
2025-07-01 18:00:00,5.42931,127.86124
2025-07-02 00:00:00,5.544062,106.14165
2025-07-02 06:00:00,5.1763597,114.56319
2025-07-02 12:00:00,4.191833,85.6073
2025-07-02 18:00:00,3.1564062,131.06198
2025-07-03 00:00:00,1.8810474,118.89296
2025-07-03 06:00:00,4.998974,98.14258
2025-07-03 12:00:00,3.5426443,95.26016
2025-07-03 18:00:00,3.4096417,129.29349
2025-07-04 00:00:00,3.4924273,113.3479
2025-07-04 06:00:00,4.0895944,121.74786
2025-07-04 12:00:00,4.4995522,84.832184
2025-07-04 18:00:00,4.013694,88.66461
2025-07-05 00:00:00,3.7241015,86.84161
2025-07-05 06:00:00,2.7635124,92.14195
2025-07-05 12:00:00,4.9914575,55.162415
2025-07-05 18:00:00,2.8206182,92.464905
2025-07-06 00:00:00,3.6271925,134.62811
2025-07-06 06:00:00,2.2780235,115.72041
2025-07-06 12:00:00,2.9799175,204.20978
2025-07-06 18:00:00,2.6668427,180.34653
2025-07-07 00:00:00,4.1291847,112.084885
2025-07-07 06:00:00,3.3846405,92.42595
2025-07-07 12:00:00,3.1925185,28.493927
2025-07-07 18:00:00,4.1010184,169.42789
2025-07-08 00:00:00,4.9024963,128.52354
2025-07-08 06:00:00,5.712957,108.345764
2025-07-08 12:00:00,5.4448795,86.43732
2025-07-08 18:00:00,4.575939,99.11726
2025-07-09 00:00:00,4.4235153,148.67787
2025-07-09 06:00:00,2.1740267,129.02968
2025-07-09 12:00:00,0.77761585,116.21512
2025-07-09 18:00:00,1.0197467,329.08902
2025-07-10 00:00:00,0.95363784,112.32271
2025-07-10 06:00:00,2.0642598,102.75491
2025-07-10 12:00:00,3.7566924,94.320404
2025-07-10 18:00:00,4.3532276,92.23041
2025-07-11 00:00:00,4.797949,107.377304
2025-07-11 06:00:00,4.5512304,108.06398
2025-07-11 12:00:00,5.4642386,97.09013
2025-07-11 18:00:00,4.7560353,111.414215
2025-07-12 00:00:00,4.5368004,124.26021
2025-07-12 06:00:00,5.5429597,114.05449
2025-07-12 12:00:00,5.8766503,89.67627
2025-07-12 18:00:00,6.1941056,93.70169
2025-07-13 00:00:00,5.9262834,113.285736
2025-07-13 06:00:00,4.5544257,110.36409
2025-07-13 12:00:00,5.176743,99.077576
2025-07-13 18:00:00,5.060911,109.73395
2025-07-14 00:00:00,5.890413,110.99457
2025-07-14 06:00:00,4.8164687,113.595856
2025-07-14 12:00:00,3.45882,116.03468
2025-07-14 18:00:00,1.2486916,218.20001
2025-07-15 00:00:00,3.6725814,252.08162
2025-07-15 06:00:00,1.7135394,241.28278
2025-07-15 12:00:00,3.3494036,278.88416
2025-07-15 18:00:00,1.9677889,207.93636
2025-07-16 00:00:00,3.3696022,112.879074
2025-07-16 06:00:00,1.5688953,124.82425
2025-07-16 12:00:00,0.6178608,84.934814
2025-07-16 18:00:00,1.8600426,72.624115
2025-07-17 00:00:00,1.7297838,86.96405
2025-07-17 06:00:00,2.0892901,96.35632
2025-07-17 12:00:00,2.1983209,80.118835
2025-07-17 18:00:00,2.3146913,104.83673
2025-07-18 00:00:00,3.0588465,119.19295
2025-07-18 06:00:00,2.716217,117.65076
2025-07-18 12:00:00,1.8405769,79.29559
2025-07-18 18:00:00,2.240358,185.71234
2025-07-19 00:00:00,3.0626132,153.6221
2025-07-19 06:00:00,2.222129,159.71219
2025-07-19 12:00:00,1.9051404,57.277008
2025-07-19 18:00:00,2.2812157,81.71103
2025-07-20 00:00:00,4.263614,106.51849
2025-07-20 06:00:00,2.7301505,134.88159
2025-07-20 12:00:00,3.0937567,67.05023
2025-07-20 18:00:00,3.6759443,74.625946
2025-07-21 00:00:00,6.880601,109.92403
2025-07-21 06:00:00,5.581399,105.75194
2025-07-21 12:00:00,5.725834,77.60031
2025-07-21 18:00:00,5.327503,97.37103
2025-07-22 00:00:00,6.5061603,113.041916
2025-07-22 06:00:00,5.4059176,117.80704
2025-07-22 12:00:00,4.738056,97.3526
2025-07-22 18:00:00,5.1629567,76.03378
2025-07-23 00:00:00,5.5841284,130.97961
2025-07-23 06:00:00,4.331494,115.00978
2025-07-23 12:00:00,4.032304,75.06415
2025-07-23 18:00:00,4.296871,100.08591
2025-07-24 00:00:00,5.007878,129.48225
2025-07-24 06:00:00,3.4224405,120.95816
2025-07-24 12:00:00,4.0541687,83.69516
2025-07-24 18:00:00,4.7924128,100.53531
2025-07-25 00:00:00,6.0147486,120.08946
2025-07-25 06:00:00,4.690209,89.503784
2025-07-25 12:00:00,6.104945,86.12073
2025-07-25 18:00:00,5.9182405,100.839966
2025-07-26 00:00:00,5.592459,123.96544
2025-07-26 06:00:00,3.8315976,102.17357
2025-07-26 12:00:00,5.5385556,76.6272
2025-07-26 18:00:00,4.937336,104.170074
2025-07-27 00:00:00,4.805235,127.50078
2025-07-27 06:00:00,2.3577611,107.5943
2025-07-27 12:00:00,3.7461805,61.70456
2025-07-27 18:00:00,3.5747263,154.4849
2025-07-28 00:00:00,3.6256711,108.41246
2025-07-28 06:00:00,3.9067402,101.96683
2025-07-28 12:00:00,3.1738434,89.56448
2025-07-28 18:00:00,4.978116,117.76076
2025-07-29 00:00:00,5.9982824,115.59105
2025-07-29 06:00:00,5.5551004,115.26111
2025-07-29 12:00:00,6.9526978,84.324036
2025-07-29 18:00:00,7.9016333,102.51051
2025-07-30 00:00:00,7.6047645,103.73459
2025-07-30 06:00:00,5.6691456,105.59703
2025-07-30 12:00:00,7.4579363,75.72974
2025-07-30 18:00:00,7.483525,108.215546
2025-07-31 00:00:00,7.2628202,112.249146
2025-07-31 06:00:00,6.779828,103.39194
2025-07-31 12:00:00,7.416379,86.171265
2025-07-31 18:00:00,7.095066,91.61307
2025-08-01 00:00:00,7.45497,105.92392
2025-08-01 06:00:00,6.452574,94.39395
2025-08-01 12:00:00,6.714015,88.96576
2025-08-01 18:00:00,5.0255814,109.41284
2025-08-02 00:00:00,6.534551,99.72847
2025-08-02 06:00:00,5.3727546,100.594894
2025-08-02 12:00:00,4.396619,87.76697
2025-08-02 18:00:00,4.192085,113.864075
2025-08-03 00:00:00,4.223339,121.94426
2025-08-03 06:00:00,4.202842,60.69336
2025-08-03 12:00:00,2.717134,38.365967
2025-08-03 18:00:00,3.5882685,127.27835
2025-08-04 00:00:00,3.3848448,109.763245
2025-08-04 06:00:00,2.5515125,53.018463
2025-08-04 12:00:00,5.087922,85.69208
2025-08-04 18:00:00,3.7002935,123.44533
2025-08-05 00:00:00,2.804877,83.05841
2025-08-05 06:00:00,1.9906268,59.697693
2025-08-05 12:00:00,2.673343,33.630096
2025-08-05 18:00:00,4.193222,119.0806
2025-08-06 00:00:00,4.352457,114.69438
2025-08-06 06:00:00,3.6956716,91.97951
2025-08-06 12:00:00,3.5664792,97.25598
2025-08-06 18:00:00,4.3771935,77.0058
2025-08-07 00:00:00,3.462426,102.69197
2025-08-07 06:00:00,3.180946,89.78369
2025-08-07 12:00:00,2.9687696,66.33264
2025-08-07 18:00:00,4.1674905,132.51605
2025-08-08 00:00:00,4.4068933,120.37088
2025-08-08 06:00:00,4.567558,88.66327
2025-08-08 12:00:00,3.434738,82.81213
2025-08-08 18:00:00,3.3080845,118.32802
2025-08-09 00:00:00,3.3273215,114.445816
2025-08-09 06:00:00,3.436316,86.70447
2025-08-09 12:00:00,3.762178,73.35193
2025-08-09 18:00:00,3.4063754,156.2568
2025-08-10 00:00:00,3.5583873,130.83238
2025-08-10 06:00:00,3.235887,89.94867
2025-08-10 12:00:00,3.7776694,86.782135
2025-08-10 18:00:00,3.6605358,88.94238
2025-08-11 00:00:00,3.9560623,119.206665
2025-08-11 06:00:00,2.93412,84.87921
2025-08-11 12:00:00,1.331624,343.90344
2025-08-11 18:00:00,2.0063865,204.30945
2025-08-12 00:00:00,2.9145663,215.40039
2025-08-12 06:00:00,1.7338443,103.323135
2025-08-12 12:00:00,0.24970812,174.48067
2025-08-12 18:00:00,1.3822247,51.187195
2025-08-13 00:00:00,4.3732004,100.65456
2025-08-13 06:00:00,2.8231707,76.06229
2025-08-13 12:00:00,2.8860252,57.304413
2025-08-13 18:00:00,2.8265135,136.9815
2025-08-14 00:00:00,4.974937,109.487595
2025-08-14 06:00:00,4.9469705,104.13406
2025-08-14 12:00:00,6.047626,102.172806
2025-08-14 18:00:00,7.6742687,121.61246
2025-08-15 00:00:00,5.3783927,136.17963
2025-08-15 06:00:00,3.0948145,111.15901
2025-08-15 12:00:00,5.207959,87.751465
2025-08-15 18:00:00,6.9388623,100.767334
2025-08-16 00:00:00,7.5137105,110.817535
2025-08-16 06:00:00,6.9177685,92.96001
2025-08-16 12:00:00,6.792468,80.85257
2025-08-16 18:00:00,6.2566967,90.60533
2025-08-17 00:00:00,8.140709,101.50278
2025-08-17 06:00:00,7.681508,97.403946
2025-08-17 12:00:00,7.4801574,92.21295
2025-08-17 18:00:00,7.436305,92.72153
2025-08-18 00:00:00,8.137467,96.70918
2025-08-18 06:00:00,7.5882916,87.575195
2025-08-18 12:00:00,5.3974805,89.50336
2025-08-18 18:00:00,3.1556675,109.97786
2025-08-19 00:00:00,4.305616,65.23578
2025-08-19 06:00:00,4.197975,52.717712
2025-08-19 12:00:00,2.1738858,197.76675
2025-08-19 18:00:00,1.8675737,151.7469
2025-08-20 00:00:00,2.7928674,110.878586
2025-08-20 06:00:00,4.3518867,76.71594
2025-08-20 12:00:00,2.5644462,135.7196
2025-08-20 18:00:00,0.93731564,206.54794
2025-08-21 00:00:00,1.3496461,288.91327
2025-08-21 06:00:00,1.5719538,219.55804
2025-08-21 12:00:00,1.8038197,294.6668
2025-08-21 18:00:00,2.0201552,256.79068
2025-08-22 00:00:00,0.7953956,233.41566
2025-08-22 06:00:00,0.8766896,134.48665
2025-08-22 12:00:00,1.6225796,71.275024
2025-08-22 18:00:00,2.2309122,89.94629
2025-08-23 00:00:00,2.6592634,103.4749
2025-08-23 06:00:00,1.4341,110.479645
2025-08-23 12:00:00,2.1435397,48.00592
2025-08-23 18:00:00,2.2396984,186.56638
2025-08-24 00:00:00,2.6446354,150.27121
2025-08-24 06:00:00,1.3513166,94.72438
2025-08-24 12:00:00,0.96995634,97.12636
2025-08-24 18:00:00,0.831626,40.813354
2025-08-25 00:00:00,0.11208034,101.68779
2025-08-25 06:00:00,1.5730286,90.00168
2025-08-25 12:00:00,2.452767,99.5732
2025-08-25 18:00:00,5.1176147,118.200226
2025-08-26 00:00:00,4.1387944,115.70007
2025-08-26 06:00:00,3.3852677,123.35765
2025-08-26 12:00:00,4.0079074,75.509766
2025-08-26 18:00:00,5.109116,99.93298
2025-08-27 00:00:00,4.484257,143.05115
2025-08-27 06:00:00,2.1867545,151.08528
2025-08-27 12:00:00,2.046465,53.206543
2025-08-27 18:00:00,4.188343,100.5148
2025-08-28 00:00:00,4.0704913,154.384
2025-08-28 06:00:00,1.0130988,200.80542
2025-08-28 12:00:00,2.3544202,79.27515
2025-08-28 18:00:00,1.7406515,144.60782
2025-08-29 00:00:00,2.312163,215.40213
2025-08-29 06:00:00,0.36898786,152.99838
2025-08-29 12:00:00,2.8670871,85.92755
2025-08-29 18:00:00,4.1509824,111.85617
2025-08-30 00:00:00,4.792991,125.024704
2025-08-30 06:00:00,2.6300154,105.137634
2025-08-30 12:00:00,4.5281363,65.9426
2025-08-30 18:00:00,3.2227337,103.32631
2025-08-31 00:00:00,4.3483787,112.161285
2025-08-31 06:00:00,5.4488287,87.84546
2025-08-31 12:00:00,5.661026,90.13251
2025-08-31 18:00:00,5.785794,90.41177
2025-09-01 00:00:00,7.672086,111.04962
2025-09-01 06:00:00,7.3818207,99.520325
2025-09-01 12:00:00,6.8424344,78.208496
2025-09-01 18:00:00,7.502703,87.4942
2025-09-02 00:00:00,7.4417763,109.48743
2025-09-02 06:00:00,7.502085,106.68289
2025-09-02 12:00:00,7.468704,94.29721
2025-09-02 18:00:00,8.484603,103.973145
2025-09-03 00:00:00,8.492122,108.627975
2025-09-03 06:00:00,6.9597864,95.85147
2025-09-03 12:00:00,6.487765,95.9025
2025-09-03 18:00:00,8.202989,103.10507
2025-09-04 00:00:00,8.222401,98.98367
2025-09-04 06:00:00,7.128708,92.249435
2025-09-04 12:00:00,5.6975274,85.16052
2025-09-04 18:00:00,4.6189747,98.33598
2025-09-05 00:00:00,4.8263683,113.24196
2025-09-05 06:00:00,3.381742,116.044785
2025-09-05 12:00:00,1.7135879,97.33778
2025-09-05 18:00:00,1.9825294,123.78363
2025-09-06 00:00:00,2.1726806,115.62314
2025-09-06 06:00:00,2.541847,89.21887
2025-09-06 12:00:00,3.3862922,75.56378
2025-09-06 18:00:00,2.6708853,84.48871
2025-09-07 00:00:00,1.7712653,139.78113
2025-09-07 06:00:00,1.516753,122.83716
2025-09-07 12:00:00,4.809742,76.00067
2025-09-07 18:00:00,3.6768534,76.943756
2025-09-08 00:00:00,5.0627933,107.218
2025-09-08 06:00:00,5.0388966,96.2186
2025-09-08 12:00:00,3.6362834,70.98657
2025-09-08 18:00:00,3.1890776,85.091736
2025-09-09 00:00:00,3.0686145,119.51483
2025-09-09 06:00:00,0.29824072,48.395203
2025-09-09 12:00:00,2.2064471,251.03215
2025-09-09 18:00:00,2.7775605,243.71591
2025-09-10 00:00:00,2.422939,86.67853
2025-09-10 06:00:00,4.316132,74.36682
2025-09-10 12:00:00,3.014284,37.43814
2025-09-10 18:00:00,1.1312622,71.48978
2025-09-11 00:00:00,1.7610904,125.03746
2025-09-11 06:00:00,1.4986067,9.392487
2025-09-11 12:00:00,1.718383,263.0607
2025-09-11 18:00:00,4.9864125,250.84682
2025-09-12 00:00:00,6.1858063,223.57504
2025-09-12 06:00:00,5.0560822,243.29483
2025-09-12 12:00:00,4.967946,232.7905
2025-09-12 18:00:00,4.5240755,190.89668
2025-09-13 00:00:00,4.0004835,207.88545
2025-09-13 06:00:00,2.4512699,270.91345
2025-09-13 12:00:00,3.5923793,277.63678
2025-09-13 18:00:00,2.7648485,235.91571
2025-09-14 00:00:00,3.6333783,130.40492
2025-09-14 06:00:00,3.2113676,88.16287
2025-09-14 12:00:00,3.9610107,45.010315
2025-09-14 18:00:00,2.9984734,180.44583
2025-09-15 00:00:00,2.1945605,116.86366
2025-09-15 06:00:00,4.72264,91.293945
2025-09-15 12:00:00,4.3973994,69.075226
2025-09-15 18:00:00,2.3874846,98.42923
2025-09-16 00:00:00,1.3009808,148.05267
2025-09-16 06:00:00,0.5648636,64.16864
2025-09-16 12:00:00,1.2260451,186.31854
2025-09-16 18:00:00,1.5550867,114.14642
2025-09-17 00:00:00,1.5096781,116.1543
2025-09-17 06:00:00,3.2690325,64.704956
2025-09-17 12:00:00,2.3906355,60.0318
2025-09-17 18:00:00,1.5789833,127.17355
2025-09-18 00:00:00,3.0932126,92.1879
2025-09-18 06:00:00,5.586005,117.46808
2025-09-18 12:00:00,6.7822175,119.47229
2025-09-18 18:00:00,6.0936346,92.68808
2025-09-19 00:00:00,5.6030645,111.457214
2025-09-19 06:00:00,4.529284,98.18973
2025-09-19 12:00:00,4.574599,90.7383
2025-09-19 18:00:00,5.043828,98.44765
2025-09-20 00:00:00,7.0183744,87.79297
2025-09-20 06:00:00,5.351216,84.733826
2025-09-20 12:00:00,4.213247,108.83229
2025-09-20 18:00:00,5.5155706,93.003204
2025-09-21 00:00:00,5.65427,90.240295
2025-09-21 06:00:00,3.886468,96.4146
2025-09-21 12:00:00,2.9465504,74.66406
2025-09-21 18:00:00,3.9877303,114.72069
2025-09-22 00:00:00,5.3591523,104.11603
2025-09-22 06:00:00,5.6665854,100.217545
2025-09-22 12:00:00,4.5605383,43.46167
2025-09-22 18:00:00,2.5422077,42.453613
2025-09-23 00:00:00,3.281604,129.11987
2025-09-23 06:00:00,1.4619062,124.87459
2025-09-23 12:00:00,1.241048,16.252625
2025-09-23 18:00:00,1.1297721,289.55066
2025-09-24 00:00:00,1.8921143,210.11488
2025-09-24 06:00:00,0.94564843,313.73102
2025-09-24 12:00:00,1.8457383,298.53546
2025-09-24 18:00:00,2.0358164,97.18016
2025-09-25 00:00:00,4.1635704,102.73056
2025-09-25 06:00:00,3.531495,91.94301
2025-09-25 12:00:00,1.9354252,62.93213
2025-09-25 18:00:00,1.8629035,160.14392
2025-09-26 00:00:00,3.5237794,130.35956
2025-09-26 06:00:00,3.049938,109.833786
2025-09-26 12:00:00,4.7422576,78.19116
2025-09-26 18:00:00,4.646863,67.284
2025-09-27 00:00:00,6.8960686,107.63843
2025-09-27 06:00:00,6.8064604,96.46907
2025-09-27 12:00:00,6.54298,80.55844
2025-09-27 18:00:00,6.6519556,88.539795
2025-09-28 00:00:00,7.820589,108.973465
2025-09-28 06:00:00,7.3592777,94.81436
2025-09-28 12:00:00,6.5161138,89.98187
2025-09-28 18:00:00,4.562906,100.06114
2025-09-29 00:00:00,3.2997441,135.66435
2025-09-29 06:00:00,2.0738232,294.90744
2025-09-29 12:00:00,1.5070269,244.18994
2025-09-29 18:00:00,3.4278977,142.11443
2025-09-30 00:00:00,3.605158,106.53931
2025-09-30 06:00:00,3.6947567,92.733795
2025-09-30 12:00:00,3.7414029,115.49719
2025-09-30 18:00:00,4.5196323,96.11008
2025-10-01 00:00:00,4.680407,108.73999
2025-10-01 06:00:00,5.6359444,85.70093
2025-10-01 12:00:00,4.2893386,95.548584
2025-10-01 18:00:00,4.211354,89.28833
2025-10-02 00:00:00,3.6329548,72.14508
2025-10-02 06:00:00,4.372123,40.662354
2025-10-02 12:00:00,2.4769871,333.45468
2025-10-02 18:00:00,3.1490932,211.82791
2025-10-03 00:00:00,2.9853485,171.9355
2025-10-03 06:00:00,1.8530238,122.57918
2025-10-03 12:00:00,2.7516432,276.0298
2025-10-03 18:00:00,4.3097568,251.56627
2025-10-04 00:00:00,2.8528526,187.45062
2025-10-04 06:00:00,0.9277108,58.065826
2025-10-04 12:00:00,1.407048,343.61642
2025-10-04 18:00:00,0.25031805,137.3765
2025-10-05 00:00:00,3.1627324,100.63568
2025-10-05 06:00:00,2.9009209,63.58844
2025-10-05 12:00:00,1.1450775,89.60373
2025-10-05 18:00:00,3.3070617,97.21182
2025-10-06 00:00:00,4.993172,116.329834
2025-10-06 06:00:00,5.4196553,99.40712
2025-10-06 12:00:00,7.186854,96.32466
2025-10-06 18:00:00,6.3626094,84.02408
2025-10-07 00:00:00,6.301617,86.976746
2025-10-07 06:00:00,5.312278,83.40546
2025-10-07 12:00:00,1.846863,29.060944
2025-10-07 18:00:00,3.8741894,231.40645
2025-10-08 00:00:00,3.2383933,200.20831
2025-10-08 06:00:00,0.3395569,130.39073
2025-10-08 12:00:00,1.63163,318.94086
2025-10-08 18:00:00,1.770294,122.96179
2025-10-09 00:00:00,3.4869804,122.91443
2025-10-09 06:00:00,0.9137991,77.341064
2025-10-09 12:00:00,1.3814964,17.968262
2025-10-09 18:00:00,1.1073532,140.81764
2025-10-10 00:00:00,4.366778,124.25868
2025-10-10 06:00:00,2.3059406,96.325836
2025-10-10 12:00:00,2.4437096,62.436035
2025-10-10 18:00:00,2.4423163,98.22565
2025-10-11 00:00:00,4.070404,112.01245
2025-10-11 06:00:00,3.4111738,106.51953
2025-10-11 12:00:00,4.656556,90.868576
2025-10-11 18:00:00,4.3642616,99.76308
2025-10-12 00:00:00,5.17791,117.71274
2025-10-12 06:00:00,3.4715872,92.28525
2025-10-12 12:00:00,4.820173,79.088776
2025-10-12 18:00:00,3.6738095,89.53949
2025-10-13 00:00:00,5.846081,106.47124
2025-10-13 06:00:00,5.4048767,60.403168
2025-10-13 12:00:00,3.6541817,75.76083
2025-10-13 18:00:00,3.9373891,102.354675
2025-10-14 00:00:00,5.3171463,104.940735
2025-10-14 06:00:00,5.040596,73.375275
2025-10-14 12:00:00,4.59662,63.66211
2025-10-14 18:00:00,3.2873704,86.87146
2025-10-15 00:00:00,4.8726196,100.69394
2025-10-15 06:00:00,4.3943996,71.99542
2025-10-15 12:00:00,4.165986,76.4574
2025-10-15 18:00:00,4.02214,101.17073
2025-10-16 00:00:00,5.4435663,105.41066
2025-10-16 06:00:00,4.1054215,95.22247
2025-10-16 12:00:00,4.1763134,66.21689
2025-10-16 18:00:00,0.84300303,349.08728
2025-10-17 00:00:00,1.0010191,163.6568
2025-10-17 06:00:00,1.7713817,325.53992
2025-10-17 12:00:00,0.6342493,179.83873
2025-10-17 18:00:00,0.8206242,151.17316
2025-10-18 00:00:00,1.8020698,181.80261
2025-10-18 06:00:00,1.3776665,266.14062
2025-10-18 12:00:00,0.38527894,208.46106
2025-10-18 18:00:00,0.4829307,147.65265
2025-10-19 00:00:00,2.7190566,134.2372
2025-10-19 06:00:00,1.4956299,63.405396
2025-10-19 12:00:00,1.0067034,341.1987
2025-10-19 18:00:00,1.0695653,291.42102
2025-10-20 00:00:00,1.8541201,187.82904
2025-10-20 06:00:00,1.077722,10.12793
2025-10-20 12:00:00,1.4750265,356.9455
2025-10-20 18:00:00,1.6598765,295.41266
2025-10-21 00:00:00,2.486451,271.73898
2025-10-21 06:00:00,3.8145223,282.91858
2025-10-21 12:00:00,5.6551533,275.6179
2025-10-21 18:00:00,5.682301,305.83557
2025-10-22 00:00:00,5.978297,258.10382
2025-10-22 06:00:00,5.027183,255.83485
2025-10-22 12:00:00,5.5723796,238.69908
2025-10-22 18:00:00,4.70031,216.1293
2025-10-23 00:00:00,7.038141,232.96207
2025-10-23 06:00:00,8.474549,244.236
2025-10-23 12:00:00,8.331804,223.60925
2025-10-23 18:00:00,6.7526827,222.52577
2025-10-24 00:00:00,7.2883434,228.29912
2025-10-24 06:00:00,9.204866,239.5534
2025-10-24 12:00:00,6.606235,215.90643
2025-10-24 18:00:00,7.989116,243.21375
2025-10-25 00:00:00,10.347418,240.50208
2025-10-25 06:00:00,6.9140387,209.67752
2025-10-25 12:00:00,4.044569,235.35416
2025-10-25 18:00:00,5.415134,227.6504
2025-10-26 00:00:00,4.530643,219.71127
2025-10-26 06:00:00,4.3525605,247.96216
2025-10-26 12:00:00,6.89752,219.51016
2025-10-26 18:00:00,3.294446,203.43582
2025-10-27 00:00:00,2.3350608,152.32074
2025-10-27 06:00:00,1.1708536,90.07243
2025-10-27 12:00:00,1.8926065,183.3255
2025-10-27 18:00:00,1.4917948,57.08542
2025-10-28 00:00:00,1.4784572,323.57916
2025-10-28 06:00:00,1.4974684,276.37628
2025-10-28 12:00:00,4.539431,220.68584
2025-10-28 18:00:00,4.117698,214.14703
2025-10-29 00:00:00,2.5504153,197.51038
2025-10-29 06:00:00,1.753471,186.51666
2025-10-29 12:00:00,2.9153185,218.63554
2025-10-29 18:00:00,1.8879895,179.37856
2025-10-30 00:00:00,2.4778347,245.41232
2025-10-30 06:00:00,1.0051444,192.71786
2025-10-30 12:00:00,4.3466954,201.39188
2025-10-30 18:00:00,1.8269775,184.89558
2025-10-31 00:00:00,2.4734902,156.44345
2025-10-31 06:00:00,1.2717439,198.47191
2025-10-31 12:00:00,2.3949487,166.08762
2025-10-31 18:00:00,2.274345,124.31241
2025-11-01 00:00:00,2.2848468,170.44887
2025-11-01 06:00:00,2.2767923,217.73637
2025-11-01 12:00:00,2.6570108,236.0576
2025-11-01 18:00:00,2.8144271,133.73625
2025-11-02 00:00:00,2.763045,135.28885
2025-11-02 06:00:00,2.650922,112.77875
2025-11-02 12:00:00,1.837036,129.39171
2025-11-02 18:00:00,1.8592856,323.79266
2025-11-03 00:00:00,2.6835003,248.74248
2025-11-03 06:00:00,2.641477,270.2651
2025-11-03 12:00:00,4.039037,193.70944
2025-11-03 18:00:00,3.2349913,189.36948
2025-11-04 00:00:00,2.2400625,205.82516
2025-11-04 06:00:00,2.2076244,260.963
2025-11-04 12:00:00,6.437585,244.76886
2025-11-04 18:00:00,6.4279556,249.26099
2025-11-05 00:00:00,5.308399,229.8595
2025-11-05 06:00:00,3.7385662,225.5227
2025-11-05 12:00:00,5.8912964,245.78145
2025-11-05 18:00:00,7.8203726,229.35112
2025-11-06 00:00:00,6.946941,233.39124
2025-11-06 06:00:00,5.956524,242.5606
2025-11-06 12:00:00,8.761223,225.59448
2025-11-06 18:00:00,6.8428235,226.7174
2025-11-07 00:00:00,5.561961,235.82153
2025-11-07 06:00:00,4.0596657,291.7068
2025-11-07 12:00:00,4.3426476,264.75916
2025-11-07 18:00:00,5.8127036,254.34169
2025-11-08 00:00:00,3.9795892,273.1552
2025-11-08 06:00:00,4.227805,298.85803
2025-11-08 12:00:00,6.5978804,228.10568
2025-11-08 18:00:00,7.100845,231.5934
2025-11-09 00:00:00,6.272017,225.52536
2025-11-09 06:00:00,3.8488958,268.71698
2025-11-09 12:00:00,3.7064981,256.38983
2025-11-09 18:00:00,7.1534157,253.60286
2025-11-10 00:00:00,7.55539,240.18275
2025-11-10 06:00:00,4.936154,259.99576
2025-11-10 12:00:00,5.566705,280.4971
2025-11-10 18:00:00,5.3372397,242.6316
2025-11-11 00:00:00,5.8766904,218.796
2025-11-11 06:00:00,4.105296,246.12148
2025-11-11 12:00:00,5.9106197,224.86717
2025-11-11 18:00:00,8.694554,243.09337
2025-11-12 00:00:00,8.633642,249.73651
2025-11-12 06:00:00,8.21103,254.14421
2025-11-12 12:00:00,9.192176,226.69394
2025-11-12 18:00:00,8.187286,234.36389
2025-11-13 00:00:00,8.517297,237.33507
2025-11-13 06:00:00,7.324572,256.81653
2025-11-13 12:00:00,8.186744,236.8226
2025-11-13 18:00:00,8.962004,253.59702
2025-11-14 00:00:00,5.2749867,267.22794
2025-11-14 06:00:00,4.4166245,269.48038
2025-11-14 12:00:00,5.2284265,244.60976
2025-11-14 18:00:00,5.7508,224.56915
2025-11-15 00:00:00,2.6957126,226.34421
2025-11-15 06:00:00,3.879275,307.6858
2025-11-15 12:00:00,5.543658,273.17072
2025-11-15 18:00:00,6.7521977,249.99118
2025-11-16 00:00:00,8.10954,252.9153
2025-11-16 06:00:00,6.7119536,262.73685
2025-11-16 12:00:00,6.2823787,262.54962
2025-11-16 18:00:00,8.137238,261.2257
2025-11-17 00:00:00,8.425874,253.7179
2025-11-17 06:00:00,5.8237476,261.60846
2025-11-17 12:00:00,5.4048843,247.88588
2025-11-17 18:00:00,3.763691,225.19481
2025-11-18 00:00:00,3.2205467,266.00543
2025-11-18 06:00:00,4.6452174,327.1511
2025-11-18 12:00:00,4.503982,271.33365
2025-11-18 18:00:00,3.5706596,248.61252
2025-11-19 00:00:00,1.2870761,211.2155
2025-11-19 06:00:00,2.1407723,310.55478
2025-11-19 12:00:00,5.4038773,244.4695
2025-11-19 18:00:00,4.992311,256.6015
2025-11-20 00:00:00,6.1033964,265.1857
2025-11-20 06:00:00,4.9475164,318.80957
2025-11-20 12:00:00,9.917413,253.00334
2025-11-20 18:00:00,8.437369,243.05658
2025-11-21 00:00:00,7.9693,239.84496
2025-11-21 06:00:00,8.085677,252.1533
2025-11-21 12:00:00,9.460475,240.0401
2025-11-21 18:00:00,6.159157,232.43027
2025-11-22 00:00:00,4.938103,231.5053
2025-11-22 06:00:00,3.2721627,258.20956
2025-11-22 12:00:00,5.600984,260.28397
2025-11-22 18:00:00,4.408211,275.0412
2025-11-23 00:00:00,4.286434,253.4122
2025-11-23 06:00:00,4.359439,241.85457
2025-11-23 12:00:00,7.549902,236.2973
2025-11-23 18:00:00,8.7916765,241.8738
2025-11-24 00:00:00,6.6385975,211.58577
2025-11-24 06:00:00,6.6475744,243.92195
2025-11-24 12:00:00,7.9428616,243.65233
2025-11-24 18:00:00,8.218461,235.1614
2025-11-25 00:00:00,5.823037,219.60004
2025-11-25 06:00:00,4.9359937,249.16644
2025-11-25 12:00:00,7.667391,252.33191
2025-11-25 18:00:00,8.159791,237.54349
2025-11-26 00:00:00,8.077481,238.10193
2025-11-26 06:00:00,7.1382246,249.761
2025-11-26 12:00:00,8.1079,251.80363
2025-11-26 18:00:00,7.9832997,235.61899
2025-11-27 00:00:00,4.1375856,212.7917
2025-11-27 06:00:00,1.027718,268.93997
2025-11-27 12:00:00,2.5206718,261.73502
2025-11-27 18:00:00,3.4361246,168.22116
2025-11-28 00:00:00,2.0797303,189.84518
2025-11-28 06:00:00,2.1645327,269.52744
2025-11-28 12:00:00,5.136303,260.26334
2025-11-28 18:00:00,5.3068314,211.33707
2025-11-29 00:00:00,4.2172327,200.8074
2025-11-29 06:00:00,4.3681836,245.87744
2025-11-29 12:00:00,4.0443277,260.19055
2025-11-29 18:00:00,3.5006716,90.63336
2025-11-30 00:00:00,3.6096811,100.62656
2025-11-30 06:00:00,2.5972126,82.48776
2025-11-30 12:00:00,1.7579663,97.47496
2025-11-30 18:00:00,2.7926383,165.25967
2025-12-01 00:00:00,2.8436632,178.11996
2025-12-01 06:00:00,1.0206746,122.49242
2025-12-01 12:00:00,2.071606,135.11281
2025-12-01 18:00:00,2.4763954,93.84891
2025-12-02 00:00:00,3.5134978,119.10631
2025-12-02 06:00:00,3.7762022,75.49219
2025-12-02 12:00:00,2.2558992,75.79315
2025-12-02 18:00:00,1.1713593,179.67906
2025-12-03 00:00:00,2.535846,119.5117
2025-12-03 06:00:00,1.9406476,57.36151
2025-12-03 12:00:00,0.807931,67.2298
2025-12-03 18:00:00,0.92836154,93.30353
2025-12-04 00:00:00,0.81652397,24.283752
2025-12-04 06:00:00,2.0181189,290.5318
2025-12-04 12:00:00,5.7656174,190.8707
2025-12-04 18:00:00,2.152672,244.02815
2025-12-05 00:00:00,2.999805,221.47629
2025-12-05 06:00:00,2.9223561,287.15997
2025-12-05 12:00:00,1.1284143,258.3067
2025-12-05 18:00:00,0.99045116,124.02841
2025-12-06 00:00:00,0.7452479,221.24872
2025-12-06 06:00:00,1.1999198,7.00473
2025-12-06 12:00:00,2.7912407,340.96094
2025-12-06 18:00:00,3.5284686,291.0654
2025-12-07 00:00:00,4.52079,269.20514
2025-12-07 06:00:00,5.0919404,279.35202
2025-12-07 12:00:00,6.646359,275.61206
2025-12-07 18:00:00,6.7898197,271.54904
2025-12-08 00:00:00,7.819369,257.4058
2025-12-08 06:00:00,8.062528,261.62567
2025-12-08 12:00:00,8.022496,253.60187
2025-12-08 18:00:00,7.8331122,254.9102
2025-12-09 00:00:00,7.365651,267.8421
2025-12-09 06:00:00,6.9029875,281.4588
2025-12-09 12:00:00,5.5811033,307.87244
2025-12-09 18:00:00,6.5052223,294.53638
2025-12-10 00:00:00,5.9724913,284.7882
2025-12-10 06:00:00,5.364703,283.48392
2025-12-10 12:00:00,4.3047194,324.81158
2025-12-10 18:00:00,2.6584647,277.11905
2025-12-11 00:00:00,3.754532,296.36865
2025-12-11 06:00:00,4.4294972,300.95874
2025-12-11 12:00:00,5.703461,260.1204
2025-12-11 18:00:00,4.6758137,233.66403
2025-12-12 00:00:00,4.393059,252.69734
2025-12-12 06:00:00,3.6490278,276.77457
2025-12-12 12:00:00,5.957889,256.35376
2025-12-12 18:00:00,6.6171756,264.93372
2025-12-13 00:00:00,5.9216065,263.24445
2025-12-13 06:00:00,6.335816,287.6909
2025-12-13 12:00:00,6.463421,276.43256
2025-12-13 18:00:00,5.284216,289.5647
2025-12-14 00:00:00,7.4870324,261.6237
2025-12-14 06:00:00,7.9923997,272.89594
2025-12-14 12:00:00,9.986375,252.36475
2025-12-14 18:00:00,9.99379,246.06476
2025-12-15 00:00:00,10.004871,252.69885
2025-12-15 06:00:00,8.870188,267.88605
2025-12-15 12:00:00,8.431207,240.86575
2025-12-15 18:00:00,7.9363165,245.26044
2025-12-16 00:00:00,6.6615486,250.08353
2025-12-16 06:00:00,7.991139,253.75427
2025-12-16 12:00:00,10.477613,237.05623
2025-12-16 18:00:00,9.85788,244.90248
2025-12-17 00:00:00,9.660847,246.43242
2025-12-17 06:00:00,8.383306,267.68515
2025-12-17 12:00:00,8.9530115,242.26013
2025-12-17 18:00:00,8.977231,238.74121
2025-12-18 00:00:00,8.573111,255.48445
2025-12-18 06:00:00,6.363545,275.03192
2025-12-18 12:00:00,9.073627,260.6536
2025-12-18 18:00:00,9.579058,262.10452
2025-12-19 00:00:00,8.349021,276.9733
2025-12-19 06:00:00,8.097196,296.6708
2025-12-19 12:00:00,4.5576224,245.55797
2025-12-19 18:00:00,4.87486,263.39603
2025-12-20 00:00:00,5.352311,298.31903
2025-12-20 06:00:00,7.3220606,302.87357
2025-12-20 12:00:00,4.775362,257.87976
2025-12-20 18:00:00,5.044412,256.66782
2025-12-21 00:00:00,4.8828626,287.4377
2025-12-21 06:00:00,6.536299,305.3858
2025-12-21 12:00:00,4.3415756,300.69775
2025-12-21 18:00:00,4.77948,293.9469
2025-12-22 00:00:00,5.0402727,306.6288
2025-12-22 06:00:00,4.2166424,302.0751
2025-12-22 12:00:00,2.9147098,318.11383
2025-12-22 18:00:00,4.7128115,320.13248
2025-12-23 00:00:00,4.0566373,283.53793
2025-12-23 06:00:00,5.4297843,301.68805
2025-12-23 12:00:00,3.102819,338.67908
2025-12-23 18:00:00,5.9760966,278.0638
2025-12-24 00:00:00,4.145354,245.80434
2025-12-24 06:00:00,4.122075,309.28375
2025-12-24 12:00:00,3.7075858,283.7602
2025-12-24 18:00:00,3.9693964,285.4977
2025-12-25 00:00:00,2.9933558,285.107
2025-12-25 06:00:00,4.2109323,310.45697
2025-12-25 12:00:00,3.3729053,299.19977
2025-12-25 18:00:00,4.382507,256.00778
2025-12-26 00:00:00,4.3941355,255.73517
2025-12-26 06:00:00,5.03482,300.79462
2025-12-26 12:00:00,5.152258,259.069
2025-12-26 18:00:00,5.960226,238.13213
2025-12-27 00:00:00,6.8848476,249.09784
2025-12-27 06:00:00,5.549088,256.3624
2025-12-27 12:00:00,8.753904,249.34175
2025-12-27 18:00:00,7.899226,245.82845
2025-12-28 00:00:00,6.9574547,235.23805
2025-12-28 06:00:00,8.234964,265.17355
2025-12-28 12:00:00,7.327929,254.05013
2025-12-28 18:00:00,8.435797,238.31549
2025-12-29 00:00:00,7.580056,258.8287
2025-12-29 06:00:00,5.9890757,299.0067
2025-12-29 12:00:00,3.502014,265.70682
2025-12-29 18:00:00,6.128072,276.34662
2025-12-30 00:00:00,5.456957,266.08365
2025-12-30 06:00:00,6.0037913,297.39044
2025-12-30 12:00:00,4.660533,318.25076
2025-12-30 18:00:00,6.257081,298.7393
2025-12-31 00:00:00,7.956531,312.21906
2025-12-31 06:00:00,8.058986,306.24243
2025-12-31 12:00:00,4.511805,262.55212
2025-12-31 18:00:00,5.1907563,249.06369
